Name,OrganizationNumber,CompanyOrganizationNumber,CompanyLEI,IsActive,IndustryCode,ConsolidatedReportOrganizationNumber
A.P. Møller - Mærsk A/S,100000337,22756214,549300D2K6PKKKXVNN73,True,50201,
Tryg Forsikring A/S,100000405,24260666,213800BIA5L8OPBER229,True,65120,
Electrolux AB (publ),100000445,556009-4178,549300Y3HHZB1ZGFPJ93,True,27510,
Sandvik AB (publ),100000446,556000-3468,5299008ZUAXN43LVZF54,True,28410,
SSAB AB (publ),101072299,556016-3429,529900329VS14ZIML164,True,24100,
Bilia AB (publ),105105996,556112-5690,2138002GW5WN1UYZAO32,True,47810,
Assa Abloy AB,106083008,556059-3575,549300YECS8HKCIMMB67,True,25620,
PEAB Finans AB,108306707,556552-1324,5493002XK2SGX6H4O262,True,64920,260003769
Corem Property Group AB (publ),108520479,556463-9440,213800CHXQQD7TSS1T59,True,68200,
Intrum AB,111273386,556607-7581,549300UNCO2FCUWXX470,True,82910,
L E Lundbergföretagen AB,111902467,556056-8817,529900BPSFZS6O3A9R04,True,68200,
Sparbanken Sjuhärad AB (publ),125404713,516401-9852,549300Q4JBHBZ2WEQR78,True,64190,
Volvo Treasury AB,130985892,556135-4449,549300PD69T87IGZG395,True,64920,260004425
Fastighets AB Balder (publ),131799428,556525-6905,549300GHKJCEZOAEUU82,True,68200,
BW Offshore Limited,133185274,36937,2138008LFKH8V2EOA915,True,09109,
AB SKF,134016864,556007-3495,549300B6HWYEE57O8J84,True,28150,
Ziklo Bank AB,146601892,556069-0967,549300ZEF3QWM810M319,True,64190,
Bayport Management Ltd,146931723,54787/C1/GBL,549300MHJ6KEDPWPMN38,True,64990,
DFDS A/S,147805458,14194711,549300JZVW1Y1UZ5UK38,True,50101,
FastPartner AB (publ),153033241,556230-7867,549300BG6SL5QQ7LQW56,True,68200,
Getinge AB,155133000,556408-5032,5493003PZ4F570G3W735,True,46460,
Saab AB (publ),155617436,556036-0793,549300ZHO4JCQQI13M69,True,30300,
PostNord AB (publ),156656325,556771-2640,549300W4IYQJIBX9XR63,True,53100,
Specialfastigheter Sverige AB,161894855,556537-5945,529900YUX4HEA9IIYV06,True,68200,
Nordnet AB (publ),162163940,556249-1687,549300KK7IUPX2I8HT93,True,64190,
Swedish Orphan Biovitrum AB (publ),168411448,556038-9321,549300124Y3MQI87PT35,True,46460,
Stora Enso Oyj,179348875,1039050-8,7437000ZP669LKUTZ738,True,17120,
Södra Skogsägarna ekonomisk förening,179798597,729500-3789,5493002FIVSWBLEV7P15,True,46830,
Castellum AB,181305440,556475-5550,549300GU5OHTR1T5IY68,True,68200,
Multiconsult ASA,910253158,910253158,5967007LIEEXZXG9GO07,True,71121,
Christian Berner AS,910542788,910542788,,True,46640,260003728
Volvo Norge AS,910712799,910712799,                    ,True,95310,260004425
Orkla ASA,910747711,910747711,549300PZS8G8RG6RVZ52,True,10850,
DNB Eiendom AS,910968955,910968955,                    ,True,68310,984851006
Elkem ASA,911382008,911382008,549300CVBE06T0SH6T76,True,20130,
Entreprenørservice AS,911469138,911469138,,True,43990,260003555
Akademiska Hus AB,194399184,556459-9156,213800573TEIBOSTZX92,True,68200,
Fabege AB (publ),198403405,556049-1523,549300JNPI46XNH0PM97,True,68200,
Holmen AB (publ),199626114,556001-3301,52990080SH3454F0QE68,True,17120,
Husqvarna AB,199933795,556000-5331,549300GYQIIJ3UXB7655,True,28240,
Hufvudstaden AB (publ),199933914,556012-8240,213800UEV5ZAFFVQ4J85,True,68200,
Realkredit Danmark A/S,199933965,13399174,549300NLOMBOWE943Y30,True,64920,
Catella AB (publ),199934295,556079-1419,213800WNI4X4LCFHV831,True,66190,
Citycon Oyj,199934341,0699505-3,549300P8N0P6KDGTJ206,True,68200,
Tornator Oyj,199934376,0162807-8,743700HAOL35VNKK1711,True,02200,
Outokumpu Oyj,199934406,0215254-2,5493009YRUJJDCFF0R80,True,24100,
Nokian Renkaat Oyj,199934414,0680006-8,743700YQIO8Y4L4WKR40,True,22110,
Posti Group Oyj,199934422,1531864-4,743700DOHLQIENKTC391,True,53000,
Kesko Oyj,199934465,0109862-8,743700OX6HSVMCAHPB95,True,46900,
Huhtamäki Oyj,199934473,0140879-6,5493007050SJVMXN6L29,True,16240,
SATO Oyj,199934481,0201470-5,7437009ELUGUOA45V564,True,68200,
Neste Oyj,199934503,1852302-9,5493009GY1X8GQ66AM14,True,19200,
YIT Oyj,199934511,0112650-2,529900M13GM4VSTE6W80,True,41000,
P/F Bakkafrost,199934538,1724,2138007LH7OP4V112978,True,03211,
Sampo Oyj,199934554,0142213-3,743700UF3RL386WIDA22,True,65110,
Svenska Handelsbanken AB (publ),199934589,502007-7862,NHBDILHZTYCNBV5UYZ31,True,64190,
Sanoma Oyj,199934600,1524361-1,743700XJC24THUPK0S03,True,85590,
Elisa Oyj,199934619,0116510-6,743700TU2S3DXWGU7H32,True,61100,
Seadrill Ltd,199934708,36832,213800LZ4WWG15NAC829,True,09101,
Kinnevik AB,199934759,556047-9742,2138006PZH76JOS6MN27,True,64990,
Fingrid Oyj,199934791,1072894-3,7437006ZZI1F7CUA5518,True,35130,
Fortum Oyj,199934805,1463611-4,635400IUIZZIUJSAMF76,True,35110,
Swedavia AB,199934880,556797-0818,529900ZERGNJBEQEX179,True,52230,
Lindex Group Oyj,199934902,0114162-2,743700IFQI6W89M1IY95,True,47120,
Arion Banki hf,199934937,581008-0150,RIL4VBPDB0M7Z3KXSF19,True,64190,
Swedbank Hypotek AB,199934996,556003-3283,549300TJREQ7GHIXWR36,True,64920,
Aktia Bank Abp,199935100,2181702-8,743700GC62JLHFBUND16,True,64190,
Ålandsbanken Abp,199935267,0145019-3,7437006WYM821IJ3MN73,True,64190,
Componenta Oyj,199935313,1635451-6,5493000SDCOXVGZDWK18,True,25000,
Suomen Hypoteekkiyhdistyksen,199935461,0116931-8,5493009ZDBVG2CO1O689,True,64920,
TietoEVRY Oyj,199935844,0101138-5,549300EW2KM4KROKQV31,True,62200,
Hiab Oyj,199935852,1927402-8,5493002B0GOVF42KWX33,True,28220,
Billerud Aktiebolag (publ),199935902,556025-5001,549300YJUYJ9A24RXL71,True,17110,
Jernhusen AB,199935945,556584-2027,529900F2GBRPYPZFX003,True,68200,
Rikshem AB,199935967,556709-9667,529900AJTHH582JP6S77,True,68200,
Wihlborgs Fastigheter AB (publ),199935989,556367-0230,549300RC1YDJPITF8X06,True,68200,
Orion Oyj,199936001,1999212-6,74370029VAHCXDR7B745,True,21200,
Sparbanken Syd,199936008,548000-7425,549300FRBP5L0O1HY885,True,64190,
ICA Gruppen AB,199936024,556048-2837,549300ZEFN8VKPK9I111,True,46390,
Arla Foods Amba,199936039,25313763,529900IJ6T4P1O10R377,True,10510,
Svensk Exportkredit AB,199936111,556084-0315,1FOLRR5RWTWWI397R131,True,64920,
Finnair Plc.,199936132,0108023-3,213800SB6EOB8SSK9W63,True,51100,
Svenska Cellulosa AB SCA,199936137,556012-6293,549300FW5JDRV1IJ0M67,True,17120,
Cloetta AB (publ),199936147,556308-8144,549300CSLHPO6Y1AZN37,True,10820,
Nordic Investment Bank,199936165,0213600-8,213800HYL1S7VAXG6Z48,True,64920,
Topsoe A/S,199936167,41853816,213800W8V7KMWTKSPZ56,True,20500,
Jyske Bank A/S,199936174,17616617,3M5E1GQGKL17HI6CPN30,True,64190,
AL Sydbank A/S,199936189,12626509,GP5DT10VX1QRQUKVBK64,True,64190,
Teollisuuden Voima Oyj,199936198,0196656-0,743700LQ48IZBTZN4S52,True,35110,
Finnvera PLC,199936200,1484332-4,743700T69OBBJO7TCA15,True,64920,
Danske Andelskassers Bank A/S,199936201,31843219,549300JECLPX13NZLU57,True,64190,
Ringkjøbing Landbobank A/S,199936202,37536814,2138002M5U5K4OUMVV62,True,64190,
Øresundsbro Konsortiet I/S,199936204,24246787,ZELHXIJDMZSUF0SVF203,True,42130,
Atrium Ljungberg AB (publ),199936278,556175-7047,5493001NNP6HM67OVU09,True,68200,
Kemijoki Oy,199936290,0192171-7,743700JHNFNBE081G364,True,35121,
SRV Group Plc,199936397,1707186-8,743700GB29FXC0VXF414,True,41000,
Jyske Realkredit A/S,199936429,13409838,529900R9HQNZRT2OXB26,True,,199936174
Nordea Kredit Realkreditaktieselskab,199936432,15134275,52990080NNXXLC14OC65,True,64920,199936757
Danmarks Skibskredit A/S,199936440,27492649,549300T70JXFWEXCK295,True,64990,
Spar Nord Bank A/S,199936446,13737584,549300DHT635Q5P8J715,True,64190,
Trelleborg Treasury AB (publ),199936450,556064-2646,2138006FE9S8AX3ZZQ95,True,64920,260003682
DSV A/S,199936490,58233528,529900X41C0BSLK67H70,True,50200,
Volkswagen Financial Services N.V.,199936498,33172400,529900ZTQC8D1TW6BL41,True,64990,199938860
European Energy A/S,199936514,18351331,21380051RCIXDBLT6P16,True,42222,
Metsä Board Oyj,199936520,0635366-7,743700KKB8Q035K38488,True,17120,
Boliden AB,199936537,556051-4142,21380059QU7IM1ONDJ56,True,07290,
Taaleri Oyj,199936538,2234823-5,743700LSJBDD7TMLAD92,True,66300,
Orexo AB (publ),199936552,556500-0600,549300LJ5CCWDPTK9Z08,True,21200,
Carlsberg Breweries A/S,199936574,25508343,5493008YL42784DMWN61,True,11050,260005095
Kemira Oyj,199936575,0109823-0,74370031Y7RK5H88CQ48,True,20590,
Oriola-KD Oyj,199936580,1999215-0,549300UWB1AIR85BM957,True,46460,
Oma Säästöpankki Oy,199936581,2231936-2,743700LE1ECAPXC5UT18,True,64190,
Wallenstam AB (publ),199936583,556072-1523,21380081R2P9MKFQBD25,True,68200,
Vacse AB (Publ),199936586,556788-5883,549300SQ3S7ZS962SD98,True,68200,
Sparbanken Skåne AB (publ),199936595,516401-0091,549300JXFHK9ZR8N7I05,True,64190,
Evli Bank Oyj,199936616,0533755-0,743700VK1NB8HRGTQH74,True,66100,
Arla Foods Finance A/S,199936635,89622816,5299009NKLBAQK6ILY46,True,64990,199936039
Heimstaden AB (publ),199936636,556670-0455,549300WD2QBD89VBPV88,True,68200,
Landsbankinn hf.,199936641,471008-0280,549300TLZPT6JELDWM92,True,64190,
Dometic Group Ab (publ),199936643,556829-4390,549300STIPMK5VSA7Y59,True,46720,
Vattenfall AB (publ),199936644,556036-2138,549300T5RZ1HA5HZ3109,True,35110,
Atlas Copco AB,199936663,556014-2720,213800T8PC8Q4FYJZR07,True,28130,
Mercedes-Benz Group AG,199936672,Stuttgart-HRB19360,529900R27DL06UVNT076,True,29100,
Nokia Oyj,199936681,0112038-9,549300A0JPRWG1KI7U06,True,61000,
Citycon Treasury B.V,199936683,52962733,549300WAE0CGQ0IE1H63,True,68200,199934341
HKFoods Oyj,199936692,0111425-3,7437000PN6E448NPGY86,True,10130,
Hexagon AB,199936696,556190-4771,549300WJFW6ILNI4TA80,True,26510,
Loomis AB,199936702,556620-8095,213800NS2XXVRYS7WP40,True,80010,
Danfoss A/S,199936704,20165715,5493007I2KABJNYPD639,True,28140,
Lantmännen Ekonomisk Förening,199936725,769605-2856,529900AB08F05L4HWU11,True,46210,
Humana AB,199936736,556760-8475,549300A5X3MXUDS67N81,True,87106,
Svensk FastighetsFinansiering (SFF) AB,199936737,556985-7229,5493002YD4MUDIBFQN78,True,64920,
Danske Bank A/S,199936751,61126228,MAES062Z21O4RZ2U7M96,True,64190,
Kommunekredit A/S,199936752,22128612,529900D8QLTZ6PRLJL76,True,64920,
Nordea Bank Abp,199936757,2858394-9,529900ODI3047E2LIV03,True,64190,
Nordea Hypotek AB,199936758,556091-5448,5493000K2HPWIF6MFO29,True,64920,199936757
Skandinaviska Enskilda Banken AB,199936759,502032-9081,F3JS33DEI6XQ4ZBPTN86,True,64190,
Lifco AB,199936767,556465-3185,549300RTLL4VDQRCTW41,True,28120,
Subsea 7 S.A,199936775,B43172,222100AIF0CBCY80AH62,True,09101,
Landshypotek Bank AB (publ),199936789,556500-2762,5493004WUGGU2BQI7F14,True,64190,
AFRY AB,199936791,556120-6474,549300Q87LKPPD4X9R30,True,71121,
Stockholm Exergi Holding AB (publ),199936795,556040-6034,635400P3TGLJF1AFMH90,True,35300,
Swedbank AB (publ),199936802,502017-7753,M312WZV08Y7LYUC71685,True,64190,
SBAB Bank AB (Publ),199936803,556253-7513,H0YX5LBGKDVOWCXBZ594,True,64190,
AB Sveriges Säkerställda Obligationer (publ) SCBC,199936804,556645-9755,1JDCK5BUVTXRHQBEPT93,True,64190,199936803
Stolt-Nielsen Limited,199936806,44330,213800VZX4LWJSGRLR94,True,50201,
Advanzia Bank S.A.,199936813,B109476,529900OKPZTTS50FXP26,True,64190,
Solteq Oyj,199936827,0490484-0,743700HXWTM31ZHBXW13,True,62100,
Danica Pension Livsforsikringsaktieselskab,199936858,24256146,2138004VZX8CSGPTDX68,True,65110,199936751
Varbergs Sparbank AB (publ),199936871,516401-0158,54930090WWQYS9XTLO26,True,64190,
Shamaran Petroleum Corp.,199936882,BC0778647,529900227RVB89NZH924,True,06100,
BW LPG Limited,199937106,42302,5493006WBEME88YFDW23,True,50201,
TF Bank AB (publ),199937215,556158-1041,529900BGZZZTLLBR1X49,True,64190,
Kvika banki hf.,199937293,5405022930,254900WR3I1Z9NPC7D84,True,64190,
Byggmästare Anders J Ahlström Holding AB,199937359,556943-7774,549300ELOKKD7L8J4559,True,41000,
Sparbanken Västra Mälardalen,199937384,578500-7120,549300DQTNDQD7SBI684,True,64190,199938433
DLG a.m.b.a. (Dansk Landbrugs Grovvareselskab),199937394,24246930,2138007QUZXQLFGCSV45,True,01160,
Sparekassen Sjælland-Fyn A/S,199937404,36532130,5493002DPKDEC2JN1Y86,True,64190,
Hoist Finance AB (publ),199937581,556012-8489,549300NPK3FB2BEL4D08,True,64990,
Klövern AB (publ),199937614,556733-4379,635400JMEZCYNFJU2U59,True,41000,
Sunborn London Oyj,199937707,2726819-7,7437002EEG3FV9F3S117,True,68200,
Catena Media p.l.c,199937717,C70858,549300609A73DL5C5Z86,True,92000,
JM AB (PUBL),199937781,556045-2103,529900X0UEM9DOM6FK12,True,41000,
XANO Industri AB,199937782,556076-2055,213800CTCRPR7CPMDT80,True,25400,
ITAB Shop Concept AB,199937786,556292-1089,2138001H6FCSZBP26351,True,31000,
Vestum AB (publ),199937797,556578-2496,549300V2QS9QL4C1KQ31,True,43120,
Betsson AB,199937831,556090-4251,549300W61XW8OFGBG077,True,92000,
Volvo Car AB,199937854,556810-8988,5299000EAMGGBEYP7J33,True,29100,
Essity AB,199938034,556325-5511,549300G8E6YUVJ1DA153,True,17220,
Samhällsbyggnadsbolaget i Norden AB (publ),199938071,556981-7660,549300HX9MRFY47AH564,True,41000,
Autoliv Inc,199938117,2155072,A23RUXWKASG834LTMK28,True,29320,
Deutsche Bank AG,199938138,HRB 30000,7LTWFZYICNSX8D621K86,True,64190,
Intea Fastigheter AB (publ),199938156,559027-5656,549300KD3XGX3754UW61,True,68200,
Flex LNG Ltd.,199938209,52644,21380084THHU3MPC3647,True,50201,
Napatech A/S,199938211,10109124,213800XQZL5ULZCCNP76,True,58290,
Questerre Energy Corporation,199938222,209091743,549300TM45EIWBPD7W54,True,06100,
S.D. Standard Drilling Plc,199938223,277936,213800T1IOLQVHNHB646,True,09101,
Haki Safety AB (publ),199938232,556323-2536,213800FDUNKI9PVKJ456,True,25110,
Volati AB (publ),199938278,556555-4317,529900R2YHW43H9B4342,True,70200,
ISS A/S,199938304,28504799,213800LEZA58SZNCBN19,True,81200,
Sparbanken Skaraborg AB (publ),199938310,516401-0141,529900KHYX5Q5MNOPZ93,True,64190,
Cibus Nordic Real Estate AB (publ),199938344,559135-0599,549300PW36MFK96GCR23,True,68200,
Fastighets AB Trianon (publ),199938362,556183-0281,213800SWOEKEF29R3C35,True,68200,
Indutrade AB (publ),199938369,556017-9367,549300FISLQ6CEFP1867,True,28990,
Banco Bilbao Vizcaya Argentaria S.A.,199938389,A48265169,K8MS7FD7N5Z2WQ51AZ71,True,64190,
Investment AB Latour (publ),199938391,556026-3237,5493006GFBLNB3Y0Y789,True,28250,
Ingka AB,199938394,556809-9963,549300R3BZX76ZZVPO62,True,47520,
Sotkamo Silver AB (publ),199938424,556224-1892,213800R2TQW1OZGYDX93,True,07290,
Sparbanken Mälardalen AB,199938433,516401-9928,549300QIF0GHM75P0L49,True,64190,
Platzer Fastigheter Holding AB,199938443,556746-6437,5493009KPII4BZE70820,True,68200,
Gränges AB,199938449,556001-6122,5493006UG44TYSIXOB13,True,24420,
Ambea AB,199938452,556468-4354,549300AEVNZRHYI5HV24,True,87101,
Diös Fastigheter AB,199938453,556501-1771,549300G3VF7LZQ9IW435,True,68200,
Bonava AB,199938455,556928-0380,213800SLYJ6HYXWP8L95,True,68120,
Arjo AB (publ),199938456,559092-8064,549300OWGJPYKC6JF790,True,87101,
Bayer AG,199938502,HRB 48248,549300J4U55H3WP1XT59,True,21000,
Ratos AB,199938519,556008-3585,2138008KECUUB9VR4798,True,41000,
Lån & Spar Bank A/S,199938521,13538530,213800UYAHIRLZ4NSN67,True,64190,
Kongsberg Actuation Systems B.V.,199938552,34052359,549300VKRTPTZOJSHW25,True,,942593821
Apoteket AB,199938566,556138-6532,5493002BPCYCMAXG9N95,True,47730,
Sandvik Treasury Aktiebolag (publ),199938568,556657-7416,5299001G94UPTI8C7N54,True,,100000446
Fastighets AB Stenvalvet,199938570,556803-3111,549300FZF4GIS6GIAE55,True,68200,
NKT A/S,199938618,62725214,529900197LKWCEQ0NL18,True,27320,
Konecranes Oyj,199938620,0942718-2,549300EF0CDEQZBMA096,True,28220,
Pandox AB (publ),199938626,556030-7885,549300K4HA8EBLSL3B97,True,68200,
Heba Fastighets Aktiebolag,199938639,556057-3981,549300B1UZTBDU27UJ88,True,68200,
Beijer Ref AB (publ),199938679,556040-8113,549300PZZEUVH08H4G75,True,28250,
Heimstaden Bostad AB (publ),199938691,556864-0873,549300TJR3PR8EXILG79,True,68200,
Epiroc Aktiebolag,199938697,556041-2149,5493004Q73OEYW1SPE91,True,28920,
Enity Bank Group AB (publ),199938707,556717-5129,5493004FETDD2Z2FY510,True,64190,
Pohjolan Voima,199938731,0210161-4,743700X6KUJ0Z8GJIF03,True,35110,
Coor Service Management Holding AB,199938745,556742-0806,529900TMO6717OKBSU69,True,81100,
Viaplay Group AB,199938749,559124-6847,5493006E0IJD0DHJSR89,True,60200,
Allianz SE,199938755,HRB 164232,529900K9B0N5BT694847,True,64190,
CapMan Oyj,199938766,0922445-7,743700498L5THNQWVL66,True,64300,
Endomines OY,199938795,1061211-5,74370011IDF8XWZAOP86,True,07290,
Telefonaktiebolaget L M Ericsson,199938797,556016-0680,549300W9JLPW15XIFM52,True,26300,
Nordic Factoring Fund AB (publ),199938832,559175-1317,5493008E8ZRX6WPJYW44,True,64300,
Pierce Group AB,199938859,556967-4392,54930082SM8KO7LCER77,True,47830,
Volkswagen AG,199938860,HRB 100484,529900NNUPAGGOMPXZ31,True,29100,
Sappi Papier Holding,199938861,167931 h,549300XBCUMUR5CI0181,True,17120,
H & M Hennes & Mauritz AB,199938867,556042-7220,529900O5RR7R39FRDM42,True,14200,
Nordisk Bergteknik AB (publ),199938872,559059-2506,549300AVDXS5RAHMDK92,True,43120,
LifeFit Group MidCo GmbH,199938884,HRB 128865,254900T3Z0SCF415OF78,True,96230,
Medicover AB,199938894,559073-9487,5493000E9BUOYMOW2K53,True,86993,
Ovzon AB (publ),199938896,559079-2650,549300U82F1HQRSTYZ66,True,61100,
Qliro AB,199938948,556962-2441,2138006QFV6OJMYQC847,True,64990,
Mandatum Life Insurance Company Limited,199939029,0641130-2,743700YZJJL0X6MH2U02,True,,260005997
Resurs Holding AB (publ),199939054,556898-2291,5493006KHWZ6OVF3IO54,True,64190,
Djurslands Bank A/S,199939173,40713816,5299005QIT19WQ32N972,True,64190,
Eastnine AB (publ),199939211,556693-7404,2138009N2FO2BZTVYS76,True,68200,
ALM Brand A/S,199939274,77333517,549300H4TGLJVZ6VTA48,True,65120,
VNV Global AB (publ),199939459,556677-7917,549300ONMNSTOBAU0S14,True,64210,
International Development Association,199939476,InternationalDevelopmentAssociation,P41R60HC414IWQA1XW02,True,99000,
Heimstaden Bostad Treasury B.V.,199939572,78619610,549300ORG6UYMJBCV938,True,,199938691
ADS Maritime Holding Plc,199939594,HE 383277,254900W1NJ6UIVLUCN25,True,50203,
H. Lundbeck A/S,199939675,56759913,5493006R4KC2OI5D3470,True,21200,
Adecco International Financial Services B.V.,199939677,30212925,549300PDNGPM4PIAUK57,True,,199939678
Adecco Group AG,199939678,CHE-107.031.232,NI14Y5UMU60O7JE9P611,True,78200,
Sörmlands Sparbank,199939682,516406-1243,549300HNHYMVHMQPF491,True,64190,
Humble Group AB,199939694,556794-4797,54930067DYL82EKQR937,True,10890,
Seafire AB,199939730,556540-7615,549300KDKLUNU37BMM70,True,70200,
Scandinavian Tobacco Group A/S,199939732,31080185,5299003KG4JS99TRML67,True,47260,
H&M Finance B.V.,199939837,78444586,25490079TX62U2IW2D78,True,,199938867
BICO Group AB (publ),199939949,559050-5052,549300FE4PT8NDXXNK85,True,32500,
Balder Finland OYJ,199939957,2667238-2,5493007P4MCJM21IB748,True,,131799428
Seamless Distribution Systems AB,199939961,556979-4562,5493000IJULEUE5HRG68,True,62100,
EQT AB,199939997,556849-4180,213800U7P9GOIRKCTB34,True,66190,
GN Store Nord A/S,199940001,24257843,5493008U3H3W0NKPFL10,True,46430,
Resurs Bank AB,199940041,516401-0208,549300DM53OEWHWUO647,True,64190,
Dampskibsselskabet NORDEN A/S,199940070,67758919,529900RGXD3CBR3BRU63,True,50201,
S-Bank Plc,199940244,2557308-3,743700FTBNXAUN57RH30,True,64190,
Logistea AB,199940247,556627-6241,549300ZSB0ZCKM1SL747,True,68200,
Grønlandsbanken,199940278,80050410,549300EQF6IH6OIAYL40,True,64190,
International Petroleum Corporation,199940357,BC1103721,54930025D80LU0SMR645,True,06100,
Acrinova AB (publ),199940421,556984-0910,54930064FHDVK3N8U251,True,68200,
DSB,200216458,25050053,549300N1UM8EN53DYX14,True,49110,
Industrivärden AB (publ),200319745,556043-4200,549300TM1DLIQI3B3T37,True,68200,
Barclays Bank Plc,200437519,01026167,G5GSEF7VJP5I7OUK5573,True,64190,
Natwest Markets Plc,200476441,SC090312,RR3QWICWWIPCS8A4S074,True,64190,
Islandsbanki hf (Íslandsbanki),252230673,491008-0160,549300PZMFIQR79Q0T97,True,64190,
Tele2 AB,260000039,556410-8917,213800EKD193RVI9HL76,True,61100,
Avanza Bank Holding AB (publ),260001673,556274-8458,549300MBWR5H8SIJLE03,True,64190,
VEF AB (publ),260002687,559288-0362,549300GLLHHE80RQ2Y24,True,64990,
Castellum Helsinki Finance Holding Abp,260002709,3220837-5,743700WAF2AHZ4LRAR98,True,,181305440
Novo Nordisk A/S,260002713, 24256790,549300DAQ1CVT6CXN342,True,21200,
Vår Energi ASA,260002891,919160675,549300LIVN3FFOJN2K47,True,06100,
eQ Oyj,260002910,1625441-9,743700R4FA6AVH5J3D68,True,66300,
NES Fircroft Bondco AS,260002966,927143690,636700CUSS22I12S3R10,True,78100,
2020 Bulkers Ltd.,260003062,52905,549300402C8KQEW78U64,True,50201,
Zelluna ASA,260003063,996713008,254900B4VALJZR9TL744,True,72100,
Cadeler A/S,260003064,31180503,9845008439EUED140282,True,50200,
BW Energy Limited,260003065,54653,5493004D19CJBN3DLD40,True,06100,
Okeanis Eco Tankers Corp.,260003068,96382,213800U35RCYXTKVEM65,True,50201,
TDC NET A/S,260003099,40075267,549300SH2G3R15Y3FX20,True,61100,
Inify Laboratories AB,260003216,559345-4431,549300306YYJ3BX3VB98,True,86910,
Nordic Aqua Partners A/S,260003230,38183001,5493005S3DMHHE225564,True,03000,
SWECO AB (publ),260003278,556542-9841,549300Q4Y55VICYV6U90,True,71121,
ABB Ltd,260003318,CHE-101.049.653,5493000LKVGOO9PELI61,True,27110,
Active Biotech AB (publ),260003405,556223-9227,549300OJ44CLMRU8YE43,True,72100,
AddLife AB,260003416,556995-8126,5493005T3M7CD7XWE013,True,46460,
Addnode Group Aktiebolag (publ),260003417,556291-3185,213800CQXEA3W1YWXZ31,True,58290,
Eltel AB,260003445,556728-6652,549300QPTTHTI8KCH937,True,42200,
Alimak Group AB (publ),260003452,556714-1857,549300LC2ER06GDV6565,True,28220,
Alleima AB,260003453,559224-1433,529900EBHTYGLA6PGP77,True,24100,
Alligator Bioscience AB,260003467,556597-8201,549300E15VI0MB7LXV19,True,72100,
AstraZeneca PLC,260003481,02723534,PY6ZZQWO2IZFZC3IOL08,True,21200,
Pricer Aktiebolag,260003512,556427-7993,5493000MATG2DYK19F35,True,62100,
Xvivo Perfusion AB,260003547,556561-0424,549300G2464FYLS14B41,True,72100,
Xspray Pharma,260003548,556649-3671,549300NGRQCNZ3X4L157,True,72100,
Xbrane Biopharma AB,260003549,556749-2375,5493008DKD05APTKQO39,True,21100,
AQ Group AB,260003551,556281-8830,549300CN568MD1JD3E40,True,27900,
Skanska AB,260003555,556000-4615,549300UINV5RINHGMG07,True,41000,
Attendo AB,260003560,559026-7885,549300KEJDL2FNITUW65,True,87104,
Axfood AB,260003564,556542-0824,549300QIXCZWZLHE8L05,True,46390,
Balco Group AB,260003566,556821-2319,549300Z8JUDQ3BN8QB79,True,43340,
BE Group AB (publ),260003567,556578-4724,549300TD8XXBS8J3TF85,True,24100,
Beijer Alma AB,260003570,556229-7480,549300HJX9BNG5055Z38,True,25930,
Sleep Cycle AB,260003574,556614-7368,549300I6C77EO26G2U47,True,62200,
Solid Försäkringsaktiebolag,260003579,516401-8482,529900JIV2O9HEPWIN77,True,65120,
Better Collective A/S,260003580,27652913,2549001EPXH6NK7I2R78,True,92000,
Himalaya Shipping Ltd.,260003606,RA000028,984500D86FFE5EYE7988,True,50203,
BioGaia AB,260003608,556380-8723,549300UBUJOY2L7TT361,True,72100,
BioInvent International AB,260003609,556537-7263,549300E7QRHEF2IJUY10,True,72100,
Swedish Logistic Property AB,260003621,559179-2873,254900AWRHP1QNE6OQ19,True,68320,
Synsam AB,260003625,556946-3358,5493000TMEGW9DHNOQ70,True,47740,
Boozt AB,260003637,556793-5183,549300HOEUKTVLRKQQ57,True,47710,
Dynavox Group AB,260003639,556914-7563,5493008X1XZR4R5R0P66,True,58290,
Brinova Fastigheter AB (publ),260003642,556840-3918,5493002JE0BBAIJ06O61,True,68320,
Bufab AB (publ),260003648,556685-6240,5493002TF62S16D67T17,True,70200,
Bulten AB,260003649,556668-2141,549300HUR75YN61F4108,True,46840,
Traton SE,260003651,HRB 246068,529900UIMQRKPFN6SV80,True,29100,
Trelleborg AB,260003682,556006-3421,213800XY16PAWG2PAD14,True,22120,
Vicore Pharma Holding AB,260003684,556680-3804,549300KTNBPTZLF01130,True,72100,
Vitrolife AB,260003685,556354-3452,5493001WDZMONMSPPR49,True,32500,
Byggmax Group AB,260003700,556656-3531,549300MPJPYQB0KCNH03,True,47520,
CellaVision AB,260003727,556500-0998,529900IUBZBZ0HXFJ114,True,72100,
Berner Industrier AB,260003728,556026-3666,213800KL43V8X6MPRD94,True,46640,
Cint Group AB (publ),260003729,559040-3217,549300KSY3P5G8XC0A34,True,70200,
John Mattson Fastighetsföretagen AB (publ),260003734,556802-2858,549300UP4ZA93HCPRZ59,True,68200,
Midsona AB,260003742,556241-5322,549300YMDO8YBYYI1981,True,46310,
Leif Grimsrud AS,832516902,832516902,,True,43120,917103801
Intrum AS,835302202,835302202,                    ,True,82910,111273386
SoftwareOne Holding AG,260010301,CHE-384.378.612,529900GBI88JKWXLGI05,True,62000,
SPOTIFY TECHNOLOGY S.A.,260010856,B123052,549300B4X0JHWV0DTD60,True,,260005251
Hacksaw AB,260011149,559133-3793,636700SMLZDCBPNPMJ36,True,58210,
Elopak ASA,811413682,811413682,529900BIDQN2AOKV6N08,True,17120,
SpareBank 1 Østfold Akershus,837884942,837884942,5967007LIEEXZX7D8W16,True,64190,
Skue Sparebank,837889812,837889812,5967007LIEEXZX850W58,True,64190,
Haugesund Sparebank,837895502,837895502,5967007LIEEXZX6X1K40,True,64190,
Sogn Sparebank,837897912,837897912,5967007LIEEXZXAXC017,True,64190,
Ørskog Sparebank,837900212,837900212,5967007LIEEXZX6JXC59,True,64190,
Vitec Plania AS,841239172,841239172,                    ,True,62100,260004387
Gyldendal ASA,812206222,812206222,5967007LIEEXZXHQPC18,True,47610,
Asko Molde AS,813612992,813612992,549300OSGTVO6CK2SH84,True,46390,819731322
Felleskjøpet Agri SA,911608103,911608103,5967007LIEEXZXI1I867,True,46210,
Volvo Finans Norge AS,911621754,911621754,,True,64920,260004425
Smartoptics Group AS,858905192,858905192,6488IGA378IE710UU959,True,46500,
Skandia Greenpower AS,815836782,815836782,549300CD6GFWDQWKRK76,True,35121,
Tolga-Os Sparebank,816793432,816793432,5967007LIEEXZX8QMO62,True,64190,
Instabank ASA,816914582,816914582,549300GGE58VFJE5KJ70,True,64190,
Asko Øst AS,912015238,912015238,                    ,True,46390,819731322
Grande Entreprenør AS,912051625,912051625,,True,41000,917103801
Munters Group AB,260003743,556819-2321,549300KYCB37YAVUV523,True,28290,
Mycronic AB (publ),260003744,556351-2374,549300S5CCFESE4C6Y07,True,28990,
Nederman Holding Aktiebolag,260003746,556576-4205,54930030A8V6LH0G1Z92,True,28250,
NOTE AB,260003758,556408-8770,54930038JVQ3CMTEO084,True,26110,
OEM International Aktiebolag,260003760,556184-6691,549300Z7DLN54J8M4J79,True,46500,
Orrön Energy AB,260003765,556610-8055,549300IULC8F8IGXKI15,True,35129,
Peab AB,260003769,556061-4330,549300FQS4VD3153I854,True,41000,
ProfilGruppen AB,260003775,556277-8943,549300WKWUJ3V44KMQ27,True,24420,
Scandi Standard AB,260003786,556921-0627,5493006VHH78UQJVF844,True,10120,
SGL Group ApS,260003789,43639951,636700YQKGLXCPPUYE74,True,52311,
Creades AB (publ),260003799,556866-0723,549300MYLGD0VKNGTJ47,True,70200,
SinterCast Aktiebolag,260003803,556233-6494,549300365FORUXLUWL17,True,25990,
Mips AB,260003807,556609-0162,549300LZSA4S0L54VQ25,True,74110,
NAXS AB (publ),260003813,556712-2972,549300IHU2ZPY10PVD11,True,64920,
Infant Bacterial Therapeutics AB,260003817,556873-8586,2138008KVBXCRJGP6Z26,True,21200,
Karnov Group AB (publ),260003823,559016-9016,549300P7312749LJS754,True,58110,
KlaraBo Sverige AB,260003824,559029-2727,5493001FIOIXOKMHG857,True,68200,
Lime Technologies AB (Publ),260003831,556953-2616,5493008UUFYDF3ZTHC65,True,58290,
Pandora A/S,260003844,28505116,5299007OWYZ6I1E46843,True,46480,
Elon AB (publ),260003871,556065-4054,549300BD5VFRJS5HFW64,True,46500,
RWE AG,260003987,HRB 14525,529900GB7KCA94ACC940,True,35110,
Hansa Biopharma AB,260003995,556734-5359,549300LLEO25ZJJ3NT91,True,72100,
Lamor Corporation Oyj,260004051,2038517-1,7437003R88R5QOCMFQ82,True,46640,
Terveystalo Oyj,260004238,2575979-3,7437001AEZHLL3UEX093,True,65120,
Pearl Petroleum Company Limited,260004291,1518447,549300B6RHQICWQ2OB93,True,06100,
Egetis Therapeutics AB,260004316,556706-6724,549300RZCKGWRUBPMY22,True,72100,
Elanders AB,260004318,556008-1621,5493009S961JPI21WN66,True,52211,
engcon AB,260004324,556647-1727,549300EMZ2B768S85S50,True,28920,
Episurf Medical AB,260004325,556767-0541,549300GORBCSMHZB2J75,True,32500,
Medivir AB,260004333,556238-4361,549300VWDGUX0WMJ1T79,True,72100,
FormPipe Software AB,260004345,556668-6605,549300G3TNLGOU8HV665,True,58290,
Aktiebolag Fagerhult,260004350,556110-6203,549300G9NPD8LSJLMP91,True,47120,
Hanza AB,260004351,556748-8399,549300X0C14ZL28N1L09,True,25990,
Hemnet Group AB (publ),260004352,559088-4440,5493008VIU67J3HUAR07,True,60390,
Green Landscaping Group AB,260004353,556771-3465,54930070F55O6PDFDF97,True,81300,
Havsfrun Investment AB (publ),260004354,556311-5939,549300S56SRW0QDZD626,True,64210,
Vitec Software Group AB,260004387,556258-4804,5493005EB5RV1QHE6H94,True,62100,
Tryg A/S,260004388,26460212,213800ZRS8AC4LSTCE39,True,65120,
Linc AB,260004392,556232-0811,549300UFJU04UGB49K16,True,46490,
Novotek Aktiebolag,260004399,556060-9447,5493008I42W5RB05GU19,True,62200,
MedCap AB,260004404,556617-1459,549300NGO5XAJ6TL8719,True,70200,
Malmbergs Elektriska Aktiebolag,260004405,556556-2781,549300ZUNJ5HNG264Q34,True,46430,
Electrolux Professional AB,260004408,556003-0354,254900KI62Q46ZWD8084,True,28940,
HMS Networks AB,260004411,556661-8954,549300MOY2FDUUDIQ179,True,26300,
Aktiebolaget Volvo,260004425,556012-5790,549300HGV012CNC8JD22,True,29100,
Vimian Group AB,260004429,559234-8923,549300OQ8R5TCAP0BS18,True,75000,
Momentum Group AB,260004436,559266-0699,549300QOHUWQMD9G3757,True,46630,
Scandinavian Real Heart AB,260004439,556729-5588,549300HFGZRJQVLZI163,True,72100,
Inission AB,260004441,556747-1890,529900B6F5172S3DQD52,True,26110,
Teqnion AB,260004456,556713-4183,549300DRF7FY7VRFTX41,True,46640,
Waystream Group AB,260004465,556904-6476,549300BOC6GHWDSJ6X83,True,46500,
Fenix Outdoor International AG,260004472,CHE-206.390.054,549300OBIOEC0J5XEB68,True,47631,
Investment AB Öresund,260004484,556063-9147,549300ZNNKE1UFGNNE47,True,64990,
Evolution AB (publ),260004527,556994-5792,549300SUH6ZR1RF6TA88,True,92000,
Euroclear: TRATON FINANCE LUXEMBOURG S.A.,260004735,,529900BRKIE6LKIEXD84,False,,260003651
Ferrovial SE,260004739,73422134,72450022R2ZFL41Y6I04,True,42110,
DOF Installer ASA,260004754,990512663,21380037BEV5E7B9D769,True,50201,935349230
Tietoevry Norway AS,260004794,933012867,636700JTWA4KZLC09481,True,62200,199935844
Fiskars Oyj Abp,260004903,0214036-5,743700BKTW4EQIVKYY42,True,46490,
Zalando SE,260004936,HRB 158855,529900YRFFGH5AXU4S86,True,47710,
Verkkokauppa.com Oyj,260004942,1456344-5,743700QZE6B52SHHTV75,True,47400,
Aktieselskabet Schouw & Co.,260004949,63965812,213800V2R9WMMZASKK57,True,10912,
ACOMO N.V.,260004951,24191858,7245001M40ANG7IIS437,True,46210,
Siili Solutions Oyj,260004960,1979903-5,7437003WYXJUSV27Q316,True,62100,
TORM PLC,260004962,09818726,213800VL1H1ABVM1ZF63,True,50201,
Scanfil Oyj,260004963,2422742-9,7437004XD6U0FFDCT507,True,26110,
Columbus A/S,260004965,13228345,213800WP2W676G7HLJ94,True,62200,
Skolon AB,260004990,556958-4120,8945002M84IMTOUZD902,True,60390,
Nestlé SA,260005037,CHE-105.909.036,KY37LUS27QQX7BB93L28,True,10850,
Sika AG,260005040,CHE-106.919.184,549300R3N69ECGYPU434,True,46850,
SAP SE,260005042,HRB 719915,529900D6BF99LW9R2E68,True,58290,
Adyen N.V.,260005044,34259528,724500973ODKK3IFQ447,True,64990,
Adobe Inc.,260005045,2748129,FU4LY2G4933NH2E1CP29,True,58290,
Cowi Holding A/S,260005050,32892973,549300COJ3F6535KFB72,True,71121,
Elevance Health Inc,260005063,2001071800272,8MYN82XMYQH89CTMTH67,True,65110,
Centene Corp,260005067,3439838,549300Z7JJ4TQSQGT333,True,65110,
Energizer Holdings Inc.,260005075,001365275,5493000D6NN0V57UME20,True,27200,
Carlsberg A/S,260005095,61056416,5299001O0WJQYB5GYZ19,True,11050,
Rockwool A/S,260005099,54879415,213800QRC7LNX935OZ09,True,23990,
Kion Group AG,260005107,HRB 112163,5299005KY91C4C6U9H17,True,28220,
NEMAK SAB DE CV,260005111,TNE940608HS5,5493000MY3DAIB0BP706,True,29320,
Schaeffler AG,260005131,HRB 14734,529900JL0HDVGZMUJF32,True,46720,
Valmet Oyj,260005176,2553019-8,213800D9O7FUQDH83V62,True,28950,
Karnell Group Ab (Publ),260005193,559043-3214,549300G5JY05P4PLS906,True,20300,
Spotify AB,260005251,556703-7485,5493004INDUJX1TDHI57,True,63100,
Swedbank AB,260005292,12919435,                    ,True,,199936802
Swisscom Finance B.V.,260005605,77555104,549300L41E8X8K71RV25,True,,260006076
Vantage Drilling International Ltd,260005613,MC-192231,549300T9QN1134QR7185,True,09101,
Sveafastigheter AB (publ),260005636,559449-4329,636700W1VM86O2G2AA36,True,68200,
Multitude Capital Oyj,260005660,3454519-9,254900MZD3U3EEN29H19,True,64200,
Bavarian Nordic A/S,260005663,16271187,2138006JCDVYIN6INP51,True,21200,
Cell Impact AB (publ),260005664,556576-6655,549300PS6XPVP3MP2W76,True,27110,
Demant A/S,260005669,71186911,213800RM6L9LN78BVA56,True,26600,
ALK-ABELLÓ A/S,260005683,63717916,529900SGCREUZCZ7P020,True,21200,
Novozymes A/S,260005685,10007127,529900T6WNZXD2R3JW38,True,20140,
Storebrand AIF AS,260005687,833224972,636700OE9FIPJL5WEY03,True,,916300484
GENMAB A/S,260005762,21023884,529900MTJPDPE4MHJ122,True,72100,
Royal Unibrew A/S,260005764,41956712,529900D69KFL8IAP8Q63,True,11050,
Zealand Pharma A/S,260005796,20045078,549300ITBB1ULBL4CZ12,True,72100,
Bayerische Motoren Werke AG,260005798,HRB 42243,YEH5ZCD6E441RHVHD759,True,29100,
Netcompany Group A/S,260005813,39488914,5299006DEGAWX1Z1X779,True,62200,
Linde plc,260005880,606357,5299003QR1WT0EF88V51,True,20110,
The Walt Disney Company,260005881,6931540,549300GZKULIZ0WOW665,True,59130,
Groupe WSP Global Inc.,260005882,774838-8,549300IQ87LU6X6ERQ78,True,71121,
WSP Norge AS,260005883,881894742,                    ,True,71121,260005882
Qt Group Oyj,260005889,2733394-8,743700GO2XU2ZYYDKW67,True,62200,
Harvia Oyj,260005891,2612169-5,7437002ULTBOWQQOXL69,True,27510,
Cummins Inc.,260005895,194062043,ZUNI8PYC725B6H8JU438,True,28110,
cBrain A/S,260005898,24233359,529900E1K2W6SBYF8W02,True,62100,
Amadeus IT Group S.A.,260005901,M3719008,9598004A3FTY3TEHHN09,True,46500,
McCormick & Company Inc,260005954,D00148189,549300JQQA6MQ4OJP259,True,10840,
Meta Platforms Inc.,260005965,3835815,BQ4BKCS1HXDV9HN80Z93,True,62100,
IQVIA HOLDINGS INC,260005967,6171073,549300W3R20NM4KQPH86,True,26600,
BP P.L.C.,260005968,00102498,213800LH1BZH3DI6G760,True,06100,
Rexel S.A,260005969,B160081,2221006MROZJB0QZF209,True,27120,
O-I GLASS LIMITED,260005993,00526983,213800PXY6M8SANLLB49,True,23130,
TopBuild Corp,260005994,5691119,5493007YSKHOL4RWII46,True,43240,
Organon & Co.,260005995,7834229,549300AMCKY57OK2CO56,True,46460,
Roche Holding AG,260005996,CHE101602521,549300U41AUUVOAAOB37,True,21200,
Mandatum Oyj,260005997,3355142-3,743700OAJK6L28Y2NN56,True,65110,
Alphabet Inc.,260006020,5786925,5493006MHB84DD0ZWV18,True,63100,
XYLEM INC.,260006042,2011050500560,549300DF5MV96DRYLQ48,True,28130,
Xylem Water Solutions Norge AS,260006043,918088067,                    ,True,46640,260006042
HERMANA HOLDING ASA,260006056,932142457,2549005RGU6BUYK07L22,True,35122,
SWISS RE AG,260006066,CHE-191.546.434,529900PS9YW3YY29F326,True,65110,
Virtune AB,260006069,559175-2067,636700EWO37NE7B7GW19,True,63100,
Swisscom AG,260006076,CHE102753938,5493005SL9HHOXS3B739,True,61000,
Nilfisk Holding A/S,260006087,38998870,529900FSU45YYVLKB451,True,28290,
Kempower Oyj,260006088,2856868-5,743700EIG9TDB5QNZS09,True,27900,
KONE OYJ,260006089,1927400-1,2138001CNF45JP5XZK38,True,28220,
BRØDRENE A. & O. JOHANSEN A/S,260006091,58210617,5299004B6ZEGVCR9ZR75,True,46840,
Vaisala Oyj,260006092,0124416-2,743700RNDD7KU11HW873,True,26510,
Wärtsilä Oyj Abp,260006093,0128631-1,743700G7A9J1PHM3X223,True,28110,
Alma Media Oyj,260006094,1944757-4,743700ILU1PL86IW3429,True,58130,
Anora Group Oyj,260006097,1505555-7,52990007AXNSS4PNX352,True,11010,
NORTH MEDIA A/S,260006100,66590119,5493005TQSCPQXY1NP67,True,53200,
GreenMobility A/S,260006101,35521585,213800PLNNPY2L2GUV16,True,77110,
Enento Group Oyj,260006102,2194007-7,743700EPLUWXE25HGM03,True,70200,
Solar A/S,260006110,15908416,21380031XTLI9X5MTY92,True,46640,
Adidas AG,260006111,HRB 3868,549300JSX0Z4CW0V5023,True,15200,
HusCompagniet A/S,260006115,36972963,894500SWECYCFZ58R246,True,68120,
Gabriel Holding A/S,260006116,58868728,549300LK5U9PUCUD2X47,True,46410,
NNIT A/S,260006129,21093106,549300KM8QVF7WR40664,True,62200,
NTG Nordic Transport Group A/S,260006131,12546106,529900PZWXV8JX89K947,True,52200,
Trifork A/S,260006134,20921897,9845008F90ABE70DE713,True,62900,
Københavns Lufthavne,260006136,14707204,549300Z01GJGM7D3HQ74,True,51100,
MT Højgaard Holding,260006137,16888419,529900V9DJVZE2LVED66,True,68200,
Bittium Oyj,260006144,1004129-5,743700NFG5W5I59OVX65,True,42222,
ASML Holding N.V.,260006151,17085815,724500Y6DUVHQD6OXN27,True,26110,
Unilever PLC,260006156,00041424,549300MKFYEKVRWML317,True,46000,
British American Tobacco PLC,260006157,03407696,213800FKA5MF17RJKT63,True,12000,
Rio Tinto PLC,260006184,00719885,213800YOEO5OQ72G2R82,True,07000,
Ponsse Oyj,260006254,0934209-0,7437000IQJS6ZC1FR041,True,28300,
Forum Energy Technologies Inc.,260006305,3966995,549300SF93HLCR1REE27,True,28920,
Exel Composites Oyj,260006343,1067292-7,743700205JAMGM80QD88,True,23000,
Kreate Group Oyj,260006347,2601364-3,743700POUUQ3CS3Q7S40,True,42000,
Marimekko Oyj,260006603,0111316-2,74370053IOY42B9YJ350,True,47710,
F-Secure Oyj,260006604,3269349-7,9845006BFDJF0375E466,True,62100,
Gofore Oyj,260006605,1710128-9,743700JIW1LAUZDH9012,True,62200,
Digia Oyj,260006633,0831312-4,743700QVAG6OXK5OP587,True,63100,
Sitowise Group Oyj,260006643,2767842-8,743700HOHMOHAANHFF73,True,71120,
Prisma Properties AB (publ),260006646,559378-1700,636700IALCXDTVXING25,True,68000,
Flerie AB,260006649,559067-6820,54930047C4A74IBXR037,True,72100,
Tokmanni Group Oyj,260006652,2483212-7,743700VMG6KWF0FW1560,True,47120,
Koskisen Oyj,260006656,0148241-9,9845000D85046ECFFF27,True,16110,
Raute Oyj,260006662,0149072-6,743700G00629V99PE435,True,28300,
Robit Oyj,260006951,0825627-0,743700NRL9EH2FLPH480,True,28920,
Teleste Oyj,260006959,1102267-8,743700CJRQRU0007GN59,True,26110,
Palfinger AG,260006979,33393h,529900IFAV83BX8O1O91,True,28220,
CapMan Hotels II FCP-RAIF,260006985,529900ORU0WRT4IZCC67,529900ORU0WRT4IZCC67,True,,199938766
Aalberts N.V.,260007049,30089954,549300EMP9DT6Q35HZ31,True,28990,
ADMICOM OYJ,260007110,2800085-4,743700T7K2K149J4GB17,True,70200,
APPLIED MATERIALS INC.,260007120,2120849,41BNNE1AFPNAZELZ6K07,True,28990,
Schindler Holding AG,260007615,CHE-101.862.654,5299007DRLI319H7Q933,True,28220,
Enity Holding AB,260007852,556668-9575,636700S7UMLTDQ0BKU55,True,64190,
Intrum Investments and Financing AB,260007976,559481-4906,984500D7B1EFD7460452,True,,111273386
Lea Bank AB,260008084,559465-8196,984500E137EF5A5E0F05,True,64190,
Builders FirstSource Inc.,260008206,2867244,549300W0SKP6L3H7DP63,True,46830,
Corpay Inc.,260008207,2854298,549300DG6RR0NQSFLN74,True,64190,
OI European Group B.V.,260008208,24291478,72450053F5WRDY8CDZ66,True,,260005993
P3 Group S.àr.l.,260008211,B180123,529900GR62MT0O5VW110,True,68200,
Lokotech Group AS,818709692,818709692,254900T8HI961K0EV282,True,62100,
NorgesGruppen ASA,819731322,819731322,5967007LIEEXZXGHY826,True,46390,
Østfold Energi AS,879904412,879904412,549300I2S2CGBPUI2F67,True,35121,
HydrogenPro AS,912305198,912305198,549300EW945NUS7PK214,True,27900,
TrøndelagKraft AS,880396072,880396072,                    ,True,35150,920153577
Citycon Trekanten Eiendom AS,880582992,880582992,,True,68110,199934341
"Swedbank Norge, NUF",880824872,880824872,                    ,True,64190,199936802
Netcompany Norway AS,881886472,881886472,                    ,True,62200,260005813
ABG Sundal Collier ASA,883603362,883603362,2138005DRCU66B8BNY04,True,66120,
Advansia AS,883889762,883889762,                    ,True,71121,199936791
Møre Boligkreditt AS,884031222,884031222,5967007LIEEXZX4U7426,True,64190,
Relais Group Oyj,260009873,2566730-3,743700X9S8FVYRI20J88,True,46490,
H & M Hennes & Mauritz AS,912618900,912618900,,True,47710,199938867
Ice Communication Norge AS,912672808,912672808,5493005YEU7Y482DXU54,True,61100,980001482
Eika Boligkreditt AS,885621252,885621252,549300T7MMTBQXCJOQ79,True,64190,
Norgesmøllene AS,885719422,885719422,549300J86WNLHKQ77N40,True,10610,911608103
Aker ASA,886581432,886581432,5967007LIEEXZXJ10071,True,06100,
Arctic Fish Holding AS,825904042,825904042,549300WIEAOXRI8H0046,True,03211,
Norwegian Air Shuttle Aoc AS,826283262,826283262,,True,51100,965920358
Aker Biomarine ASA,913915062,913915062,549300V34T6VWDSYWE64,True,03110,
Arne Olav Lund A/S,914004330,914004330,,True,43120,260003769
KLP Boligkreditt AS,912719634,912719634,5967007LIEEXZX5LZ409,True,64190,938708606
Ensurge Micropower ASA,889186232,889186232,5493007QXMCG0WPKFC96,True,72100,
North Energy ASA,891797702,891797702,5967007LIEEXZXFWCG26,True,09109,
Jm Norge AS,829350122,829350122,,True,41000,199937781
Klp Tempeveien 22 AS,892976902,892976902,,True,68200,938708606
Widerøe Technical Services AS,914426456,914426456,,True,51100,965920358
Widerøe Ground Handling AS,914426537,914426537,,True,52230,965920358
Asko Agder AS,913117883,913117883,                    ,True,46390,819731322
Elektroimportøren AS,913250524,913250524,549300CXUP6YILNRO898,True,47552,
Spotlio AS,916539754,916539754,984500CE575B7TB6D271,True,62100,
Sweco Architects AS,894607262,894607262,,True,71110,260003278
Norske Skog ASA,914483549,914483549,529900MYY60WXHHY3039,True,17120,
Olav Thon Eiendomsselskap ASA,914594685,914594685,5967007LIEEXZXGOW838,True,68200,
M Vest Water AS,914631408,914631408,549300T0BYA0TXE4QL60,True,72100,
Goodtech ASA,914769922,914769922,5967007LIEEXZXFGWW36,True,71129,
Electrolux Home Products Norway AS,914770009,914770009,,True,46640,100000445
Norsk Hydro ASA,914778271,914778271,549300N1SDN71ZZ8BO45,True,24420,
IKEA AS,914787521,914787521,                    ,True,47551,199938394
ISS Facility Services AS,914791723,914791723,                    ,True,81210,199938304
Pioneer Property Group ASA,914839327,914839327,5967007LIEEXZXJ3BC22,True,68200,
Andfjord Salmon Group AS,913379403,913379403,549300W7L5S281Y3DD68,True,03211,
Stendi Heimta AS,913462564,913462564,,True,87106,199938452
Peab Anlegg AS,913502566,913502566,                    ,True,42110,260003769
Veidekke Industri AS,913536770,913536770,54930075TRERJFZVVO04,True,23990,917103801
BN Bank ASA,914864445,914864445,5967007LIEEXZX4R4058,True,64190,
Presis Vegdrift AS,914888794,914888794,,True,42110,199938519
SR-Boligkreditt AS,915174388,915174388,5493005EFLOPQ4K0ZF42,True,64190,937895321
T-2 Prosjekt Vest AS,921483015,921483015,,True,71121,910253158
DNO ASA,921526121,921526121,5967007LIEEXZXH3K072,True,06100,
Sjølivet Eiendom AS,921564651,921564651,2549006EL2WM7NZD8T63,True,68200,
Veidekke ASA,917103801,917103801,5967007LIEEXZXHF4O96,True,41000,
Solvik Barnevern AS,917193029,917193029,,True,88991,199936736
Hexagon Purus ASA,919317558,919317558,549300CM3T0GK8X3FW75,True,71129,
Widerøe AS,917281629,917281629,,True,51100,965920358
Widerøe's Flyveselskap AS,917330557,917330557,549300DXB1UY7WYPRD62,True,51100,965920358
Vy Tog AS,917374988,917374988,529900KC0OTRGMXNJ940,True,49110,984661177
Assa Abloy Entrance Systems Norway AS,919496126,919496126,                    ,True,43240,106083008
Afry Norway AS,915229719,915229719,                    ,True,71121,199936791
FELLESKJØPET ROGALAND AGDER SA,915442552,915442552,549300S84QC9J0RY0W13,True,46610,911608103
Axactor ASA,921896328,921896328,549300P5VT8OMA17TJ33,True,82910,
Bergen Carbon Solutions AS,917453527,917453527,5493002USXDN1F0IE776,True,20600,
Hydro Aluminium AS,917537534,917537534,5493000Q2TIZWJ140748,True,24420,914778271
Ocean Sun AS,917619751,917619751,894500DQEGMYYBH8Y653,True,71129,
Pexip Holding AS,919850175,919850175,549300S79JFZK79XBI07,True,62100,
Lumi Gruppen AS,919871237,919871237,984500558A4B099PCC34,True,68110,
Proximar Seafood AS,915565697,915565697,5493006J8UNWCDMAQW02,True,03211,
Fremtind Forsikring AS,915651232,915651232,HSA1LEEL3Z4C0T5M5X84,True,65120,
Rogaland Sparebank,915691161,915691161,549300G2EWXR3BRFKQ37,True,64190,
Schindler AS,919876522,919876522,529900TFAEJFA9NNW393,True,33120,260007615
Cloudberry Clean Energy ASA,919967072,919967072,549300VUALPJQLAH7B56,True,35122,
"Nordea Bank Abp, filial i Norge",920058817,920058817,                    ,True,64190,199936757
Elmera Group,920153577,920153577,2138006BSHJVCD9SR489,True,35150,
Fremtind Livsforsikring AS,922246181,922246181,5493001RARH9G4TEWB39,True,65110,915651232
Mowi Markets Norway AS,916146337,916146337,,True,03211,964118191
Ferde AS,918012745,918012745,5493003U0RR4ET81BH84,True,84130,
Kraft Bank ASA,918315446,918315446,549300GTNWP8MOCFB082,True,64190,
Smartcraft ASA,918356649,918356649,5493008ELCGPWZHWUX47,True,62100,
Nordic Corporate Bank ASA,920232701,920232701,549300UZ2V9CC3FWDY92,True,64190,
SpareBank 1 Østlandet,920426530,920426530,549300VRM6G42M8OWN49,True,64190,
Norgesgruppen Finans AS,920428959,920428959,636700I3T4M9KX755T08,True,64920,819731322
Storebrand ASA,916300484,916300484,5967007LIEEXZX7NA051,True,64210,
Gudbrandsdal Energi AS,916319983,916319983,,True,35150,920153577
MPC Container Ships ASA,918494316,918494316,213800MXS7CXYJ2Q1805,True,50201,
Stendi Assistanse AS,918561854,918561854,,True,88104,199938452
Glenn Syvertsen AS,920509185,920509185,,True,43120,260004353
Klaveness Combination Carriers ASA,920662838,920662838,213800ZFB2MQM3JA6K52,True,50201,
Yara Mode AS,922901120,922901120,,True,14210,986228608
Eye-Share AS,920775543,920775543,,True,58290,199935844
Nordea Finans Norge AS,924507500,924507500,529900ODSMKVDX83E373,True,64920,199936757
Asko Hedmark AS,918710507,918710507,549300GPJ1OK1SV75V08,True,46390,819731322
Multiconsult Norge AS,918836519,918836519,                    ,True,71121,910253158
Lyse Lux AS,923119159,923119159,                    ,True,43210,980001482
Human Care Holding AS,923166076,923166076,,True,87991,199936736
Jotun A/S,923248579,923248579,549300X7UW69XEC0KU70,True,20300,
Total Uteservice AS,923301631,923301631,,True,42110,199938519
ABB Electrification Norway AS,921186037,921186037,254900VG5VP5AE4CJG92,True,27120,260003318
No Dig Vestfold AS,921359721,921359721,,True,43120,260004353
Human Care Bo AS,925034657,925034657,,True,87999,199936736
Human Care Ung AS,925036226,925036226,,True,87991,199936736
Vy Bygg AS,925151351,925151351,,True,41000,984661177
Geo Fundamentering & Bergboring AS,926836854,926836854,,True,43990,917103801
Nordhealth AS,926978209,926978209,549300DMI437CP0K2C23,True,62100,
Vassbakk & Stol AS,927048841,927048841,54930038WAIVNIMB1X64,True,43120,260003555
Yit Infra Norge AS,923441182,923441182,529900TNQ2EY9YKZBE61,True,42130,199934511
Tomra Systems ASA,927124238,927124238,549300J726JCFJU3VT89,True,28990,
Equinor ASA,923609016,923609016,OW6OFBNCKXC4US5C7523,True,06100,
Asko Rogaland AS,923622845,923622845,                    ,True,46390,819731322
Tekna Holding AS,925347884,925347884,549300B8BGP6YLHH0K80,True,35121,
AS Rockwool,923828583,923828583,,True,23990,260005099
Electrolux Professional AS,923830197,923830197,                    ,True,46640,260004408
BEWI ASA,925437948,925437948,254900N95EUYYZZA5F19,True,22240,
Lilleborg AS,925745855,925745855,,True,46850,910747711
Lyse Kraft Da,925749419,925749419,,True,35121,980001482
AKVA Group ASA,931693670,931693670,5967007LIEEXZXH8YG14,True,33200,
Kredinor AS,927901048,927901048,636700WRY9IZDNNL0L25,True,82910,
DOF Group ASA,930053112,930053112,213800GIV9N2A714T434,True,,935349230
Husqvarna Commercial Solutions Norge AS,925918261,925918261,,True,64920,199933795
Lyse Agon AS,928092062,928092062,,True,43210,980001482
Hydro Energi AS,930187240,930187240,549300UBLOMF800LIC19,True,35121,914778271
Odfjell SE,930192503,930192503,529900J8VSH14TP5VD23,True,50201,
Stetind Entreprenør AS,926335499,926335499,,True,43120,199938519
Vy Strategy AS,926375989,926375989,,True,73110,984661177
Solstad Maritime AS,932482037,932482037,636700FHKZKE4GHRLJ21,True,50201,932482185
Solstad Maritime Asa,932482185,932482185,636700X6XN8UWIBHQ877,True,50201,
Linde Gas AS,934863909,934863909,529900FNK6O1IX6OR261,True,20110,260005880
Afry consult AS,934948262,934948262,5493003JZ7SBQY6J9G58,True,71129,199936791
Adecco Norge AS,935333156,935333156,                    ,True,78200,199939678
DOF ASA,935349230,935349230,5967007LIEEXZXK8ZC80,True,50203,
Sunnmørsposten AS,936206646,936206646,,True,58120,992614145
K. Nordang AS,936574696,936574696,,True,41000,260003769
OBOS BBL,937052766,937052766,5967007LIEEXZXJ4UW55,True,68120,
Hepro AS,937162103,937162103,549300QTRUPJMPVV6217,True,32500,260003416
Salmar Processing AS,958973306,958973306,5493002IT17S086IXJ86,True,10202,960514718
YIT Building Systems AS,959069743,959069743,,True,43210,199934511
SalMar ASA,960514718,960514718,5967007LIEEXZXGDBK67,True,10202,
Salmar Settefisk AS,937543948,937543948,,True,03222,960514718
Askim & Spydeberg Sparebank,937885199,937885199,5967007LIEEXZX884073,True,64190,
Trøgstad Sparebank,937885377,937885377,5967007LIEEXZXEUJC13,True,64190,
Aurskog Sparebank,937885644,937885644,5967007LIEEXZX7H3S04,True,64190,
Høland og Setskog Sparebank,937885822,937885822,5967007LIEEXZXF1HC35,True,64190,
Romerike Sparebank,937885911,937885911,5967007LIEEXZXF29443,True,64190,
Strømmen Sparebank,937886160,937886160,5967007LIEEXZX6J5K03,True,64190,
Odal Sparebank,937887043,937887043,5967007LIEEXZX7WJC44,True,64190,
SpareBank 1 Lom og Skjåk,937888015,937888015,5967007LIEEXZX7SOG95,True,64190,
SpareBank 1 Gudbrandsdal,937888104,937888104,5967007LIEEXZX8DIG85,True,64190,
Sparebanken Øst,937888937,937888937,5967007LIEEXZX51WW28,True,64190,
SpareBank 1 Hallingdal Valdres,937889631,937889631,5967007LIEEXZX6N0G88,True,64190,
Skagerrak Sparebank,937891245,937891245,5967007LIEEXZX5OAG06,True,64190,
Sparebanken DIN,937891512,937891512,5967007LIEEXZXF30W48,True,64190,
Drangedal Sparebank,937891601,937891601,5967007LIEEXZX87C875,True,64190,
Lillesands Sparebank,937893655,937893655,5967007LIEEXZXES8046,True,64190,
Flekkefjord Sparebank,937894627,937894627,5967007LIEEXZX6C7K33,True,64190,
Spareskillingsbanken,937894716,937894716,5967007LIEEXZX62Y816,True,64190,
Kvinesdal Sparebank,937894805,937894805,5967007LIEEXZX80E863,True,64190,
Søgne og Greipstad Sparebank,937895054,937895054,5967007LIEEXZX626G85,True,64190,
SpareBank 1 Sør-Norge ASA,937895321,937895321,549300Q3OIWRHQUQM052,True,64190,
Jæren Sparebank,937895976,937895976,5967007LIEEXZX8L8854,True,64190,
Skudenes & Aakra Sparebank,937896670,937896670,5967007LIEEXZX772O08,True,64190,
Fana Sparebank,937896859,937896859,5967007LIEEXZX77UG71,True,64190,
Luster Sparebank,937898614,937898614,5967007LIEEXZXEXMG87,True,64190,
Sparebanken Møre,937899319,937899319,5967007LIEEXZX5PU005,True,64190,
SpareBank 1 Nordmøre,937899408,937899408,5967007LIEEXZX737S20,True,64190,
Tinde Sparebank,937900775,937900775,5967007LIEEXZX661C73,True,64190,
SpareBank 1 SMN,937901003,937901003,7V6Z97IO7R1SEAO84Q32,True,64190,
Melhus Sparebank,937901291,937901291,5967007LIEEXZXI0QG32,True,64190,
Opdals Sparebank,937901569,937901569,5967007LIEEXZX7U8024,True,64190,
Ørland Sparebank,937901925,937901925,5967007LIEEXZX8BYW44,True,64190,
Trøndelag Sparebank,937902174,937902174,5967007LIEEXZX89NK89,True,64190,
Stadsbygd Sparebank,937902352,937902352,5967007LIEEXZX8I5486,True,64190,
Nidaros Sparebank,937902719,937902719,5967007LIEEXZX7HVK26,True,64190,
Grong Sparebank,937903146,937903146,5967007LIEEXZX66T412,True,64190,
Hegra Sparebank,937903235,937903235,5967007LIEEXZX82PK66,True,64190,
Aasen Sparebank,937903502,937903502,5967007LIEEXZX79E080,True,64190,
Sparebank 1 Helgeland,937904029,937904029,5967007LIEEXZX6OK028,True,64190,
Sparebank 68 grader Nord,937905378,937905378,5967007LIEEXZX8FTS90,True,64190,
Stora Enso Skog AS,938124337,938124337,,True,46830,179348875
Kommunal Landspensjonskasse Gjensidig Forsikringss,938708606,938708606,5493002TWSCUCMYHQT46,True,65110,
Tietoevry Fintech Norway AS,933012867,931190636,1595MN368V0MVESK3A28,True,,199935844
Fjordkraft Mobil AS,930947733,930947733,,True,61100,920153577
Kongsberg Automotive ASA,942593821,942593821,5967007LIEEXZXJDCG21,True,29320,
Skanska Norge AS,943049467,943049467,549300EUI56FBMK34838,True,42110,260003555
Peab Bygg AS,943672520,943672520,,True,41000,260003769
Kongsberg Gruppen ASA,943753709,943753709,5967007LIEEXZXJ9HK73,True,25300,
Norconsult Informasjonssystemer AS,944101233,944101233,                    ,True,62200,963865724
Solstad Offshore ASA,945883294,945883294,5967007LIEEXZXHGO849,True,50203,
Sweco Asset Management Technologies AS,961168848,961168848,,True,71121,260003278
Tietoevry Tech Services Norway AS,931190628,931190628,,True,62200,199935844
Jørpeland Kraft AS,962130453,962130453,,True,35121,980001482
Planteknikk AS,962202748,962202748,,True,71121,910253158
Statnett SF,962986633,962986633,5967007LIEEXZXHAI017,True,35130,
Triolab AS,963538952,963538952,,True,46460,260003416
Norconsult ASA,963865724,963865724,635400VFBLRSFRXLGQ03,True,71121,
Mowi ASA,964118191,964118191,549300W1OGQF5LZIH349,True,03211,
Volvo Maskin AS,933442691,933442691,,True,46630,260004425
Citycon Stovner Eiendom AS,933516008,933516008,,True,68200,199934341
Nordea Eiendomskreditt AS,971227222,971227222,549300TTWFTM3HRP0618,True,64190,199936757
Vitec HK data AS,965309926,965309926,                    ,True,62100,260004387
Norwegian Air Shuttle ASA,965920358,965920358,549300IEUH2FEM2Y6B51,True,51100,
"The Walt Disney Company Nordic, Filial I Norge",965930302,965930302,,True,59130,260005881
Nordic Semiconductor ASA,966011726,966011726,5967007LIEEXZXJGFK95,True,26110,
Salmar Farming AS,966840528,966840528,,True,03211,960514718
Gyldendal Norsk Forlag AS,946163899,946163899,                    ,True,58110,812206222
SpareBank 1 Sogn og Fjordane,946670081,946670081,5967007LIEEXZX8UHK11,True,64190,
Bustadkreditt Sogn og Fjordane AS,946917990,946917990,5967007LIEEXZX6NS848,True,64190,
Orkla Sparebank,947278770,947278770,5967007LIEEXZX67KW92,True,64190,
Hgt AS,947563580,947563580,,True,43120,260003769
Tine SA,947942638,947942638,5967007LIEEXZXJVV495,True,10510,
Vend Marketplaces ASA,933739384,933739384,5967007LIEEXZXHT0O36,True,82400,
Vitec Ecclesia Systemer AS,933780945,933780945,                    ,True,58290,260004387
Sweco Norge AS,967032271,967032271,                    ,True,71121,260003278
KLP Forsikringsservice AS,967696676,967696676,                    ,True,66290,938708606
Seby AS,948829703,948829703,                    ,True,41000,917103801
Konecranes AS,950461470,950461470,,True,33200,199938620
Sparebanken Øst Eiendom AS,950750901,950750901,,True,68200,937888937
Bouvet ASA,974442167,974442167,5967007LIEEXZXFMBC26,True,62100,
Kistefos AS,951408743,951408743,5967007LIEEXZXGL1C83,True,50201,
Utleiecompagniet AS,979926464,979926464,549300DYLKUN0Z2RZC20,True,77320,260003555
NEL ASA,979938799,979938799,549300G6XN5IXMRKEG37,True,27110,
Lyse AS,980001482,980001482,5967007LIEEXZXHC1K17,True,35121,
Lnett AS,980038408,980038408,                    ,True,35140,980001482
H & K Sandnes AS,980038661,980038661,,True,42210,260004353
SpareBank 1 Nord-Norge,952706365,952706365,549300SXM92LQ05OJQ76,True,64190,
Rana Gruber ASA,953049724,953049724,5493003MBTQHX9VNKN13,True,07100,
Storebrand Bank ASA,953299216,953299216,5967007LIEEXZX6Q3K70,True,64190,916300484
SpareBank 1 Finans Østlandet,975963748,975963748,5967007LIEEXZXEWUO18,True,64920,920426530
Link Arkitektur AS,975999726,975999726,,True,71110,910253158
Båsum Boring AS,976138805,976138805,,True,42210,917103801
Valdresbygg AS,955040163,955040163,,True,41000,917103801
Rørosbanken Røros Sparebank,956548888,956548888,5967007LIEEXZXF3SO40,True,64190,
Citycon Herkules Eiendom AS,980145255,980145255,,True,68200,199934341
Kitron ASA,976605713,976605713,5967007LIEEXZXIG6009,True,26120,
Nelson Garden AS,976660048,976660048,                    ,True,46210,911608103
TGS ASA,976695372,976695372,549300NUPLAXPB0WYH90,True,71122,
Komplett ASA,980213250,980213250,254900PS6TE65C9V4D71,True,46500,
Citycon Kilden Eiendom AS,980329933,980329933,,True,68200,199934341
Lyse Dialog AS,980335178,980335178,                    ,True,35150,980001482
Lyse Produksjon AS,980335216,980335216,5967007LIEEXZXB3I876,True,35121,980001482
Lyse Energi AS,980335224,980335224,5967007LIEEXZXI8G879,True,35150,980001482
KLP Skadeforsikring AS,970896856,970896856,549300LC67GXNQSY5158,True,65120,938708606
Landkreditt Bank AS,980374181,980374181,5967007LIEEXZX85SO43,True,64190,
Statkraft Varme AS,980396002,980396002,529900AOT56AEX7SR346,True,35300,987059699
Marthinsen & Duvholt AS,980416976,980416976,,True,43120,260003555
CAMBI ASA,976929284,976929284,254900WXI8DIFKSABS36,True,71129,
Fjordkraft AS,976944682,976944682,529900DNO9MNMIHMEM62,True,35150,920153577
VY BUSS AS,976948394,976948394,254900XGZG4R7IIK9706,True,49310,984661177
"Danske Bank, NUF",977074010,977074010,                    ,True,64190,199936751
Skanska Husfabrikken AS,977085551,977085551,,True,16230,260003555
REC silicon ASA,977258561,977258561,549300VPZURYDFG0AB60,True,20130,
Polaris Trykk Arendal AS,977298784,977298784,,True,18110,992614145
Funksjonsutstyr AS,957666167,957666167,,True,43220,260003416
Eiendomsmegler 1 Grimstad,958427700,958427700,                    ,True,68310,937895321
Kid Interiør AS,958467095,958467095,549300LMT3SCEQHTXZ31,True,47510,988384135
Santander Consumer Bank AS,983521592,983521592,549300A08LH2961IPN13,True,64190,
Statkraft AS,987059699,987059699,529900TH4OAW7WYG1777,True,35100,
Statkraft Energi AS,987059729,987059729,5299006LO74A8XKRK989,True,35121,987059699
Elvia AS,980489698,980489698,                    ,True,35140,983424082
Byggmakker Handel AS,980656616,980656616,54930048DS08YVD48X35,True,46830,199934465
Veidekke Prefab AS,980798267,980798267,,True,23610,917103801
Mss-Maskinell Snøservice AS,978624278,978624278,,True,81230,199938519
Cargonet AS,983606598,983606598,,True,49200,984661177
ICELANDIC SALMON AS,983621112,983621112,213800VMVZVHCK6MW184,True,03211,
Gentian Diagnostics AS,983860516,983860516,5967007LIEEXZXHNM861,True,71200,
Yara Norge AS,984015666,984015666,2138007GPVQKDRA4W918,True,20150,986228608
Veidekke Entrepenør AS,984024290,984024290,549300Y6U4FHPHJFJW51,True,41000,917103801
Europris Butikkdrift AS,987553014,987553014,                    ,True,47120,997639588
Kommunalbanken AS,981203267,981203267,I7ETN0QQO2AHZZGHJ389,True,64190,
Vitec MV AS,981205308,981205308,                    ,True,58290,260004387
Braathen Landskapsentreprenør AS,981291751,981291751,,True,81300,260004353
Oveland Utemiljø AS,984130457,984130457,,True,81300,260004353
Citycon Kolbotn Torg Eiendom AS,984178425,984178425,,True,68200,199934341
Empakk AS,984398026,984398026,,True,46640,260003728
Eika Gruppen AS,979319568,979319568,5967007LIEEXZX8V9C20,True,64210,
ASKO Midt-Norge AS,979334109,979334109,5493003YRIEH80NNUC13,True,46390,819731322
Cowi AS,979364857,979364857,                    ,True,71121,260005050
Eiendomskreditt AS,979391285,979391285,5967007LIEEXZX995C74,True,64190,
Klp Eiendomsdrift Trondheim AS,979392907,979392907,                    ,True,68200,938708606
Skanska Eiendomsutvikling AS,979476256,979476256,,True,68120,260003555
ASKO VEST AS,979487916,979487916,                    ,True,46390,819731322
Gast Entreprenør AS,987627484,987627484,,True,43120,260004353
Ng Kiwi Romsdal Og Nordmøre AS,987635924,987635924,,True,47110,819731322
Nordea Finance Equipment AS,987664398,987664398,5493005G5TEGCJEWJR17,True,64920,199936757
Vy Gjøvikbanen AS,987831278,987831278,,True,49100,984661177
Klp Ibsenkvartalet AS,987988142,987988142,,True,68200,938708606
Altibox AS,984586612,984586612,                    ,True,61100,980001482
Vygruppen AS,984661177,984661177,529900R5U9446JSOO334,True,49110,
Signal Bredbånd AS,984705239,984705239,,True,61100,980001482
Komplett services AS,979642121,979642121,254900L3MZ1KA38KBT80,True,46500,980213250
Asko Nord AS,979655215,979655215,5493005U9SU7WFOS3B02,True,46390,819731322
Roar Jørgensen AS,979656874,979656874,,True,71121,910253158
Evry Card Services AS,981931114,981931114,,True,62200,199935844
ABB AS,982085160,982085160,5493001ZX36FQ5N3Y753,True,33200,260003318
Bluestep Bank AB (Publ) Filial Oslo,988257133,988257133,5967007LIEEXZXEYE824,True,64190,199938707
Kid ASA,988384135,988384135,5967007LIEEXZXH53K17,True,47510,
DNB Bank ASA,984851006,984851006,549300GKFG0RYRRQ1414,True,64190,
Navamedic ASA,985012059,985012059,529900LKVQOR2SRUJU71,True,72100,
Stendi AS,985194653,985194653,636700V0UFEWC73L0848,True,87991,199938452
Protector Forsikring ASA,985279721,985279721,5967007LIEEXZXAIO813,True,65120,
Klp Gryta AS,990598711,990598711,,True,68200,938708606
Klp Teknobyen AS,990598746,990598746,,True,68200,938708606
Citycon Linderud Eiendom AS,990626251,990626251,,True,68200,199934341
Storebrand Boligkreditt AS,990645515,990645515,5967007LIEEXZX6GU836,True,64190,916300484
Aktiv Veidrift AS,990679886,990679886,,True,43120,260004353
Hermansen Maskin AS,990710430,990710430,,True,43120,260004353
Equinor Energy AS,990888213,990888213,98450073EGD581D89F03,True,06100,923609016
Pareto Bank ASA,990906475,990906475,5967007LIEEXZX75J484,True,64190,
Scatec ASA,990918546,990918546,5967007LIEEXZXIARK36,True,35123,
A-Lab AS,982165105,982165105,,True,71110,910253158
Klp Lysaker Torg 45 AS,988419850,988419850,                    ,True,68200,938708606
Mediplast AS,988598348,988598348,,True,46460,260003416
Norwegian Property ASA,988622036,988622036,5967007LIEEXZXGQFS44,True,68200,
Citycon Senterdrift AS,988767654,988767654,,True,68320,199934341
Fortum Strøm AS,982584027,982584027,5967007LIEEXZX52OO97,True,35150,199934805
JBF Sparebank,982719445,982719445,5967007LIEEXZX8YCG57,True,64190,
Höegh Autoliners ASA,985459614,985459614,549300D7GNMPKTA4HD46,True,52220,
DNB Boligkreditt AS,985621551,985621551,5967007LIEEXZX659K67,True,64190,984851006
Hadeland Maskindrift AS,991100296,991100296,,True,43120,260004353
H & M Hennes & Mauritz Gbc Ab Norsk Filial,991198946,991198946,,True,47710,199938867
Visinor Rehab AS,991286438,991286438,,True,43500,199938872
Ng Meny Buskerud AS,982754623,982754623,,True,47110,819731322
StrongPoint ASA,982769221,982769221,5967007LIEEXZXISIG31,True,46500,
Om Seb Kort Bank AB Oslofilialen Norsk Avdeling av,982793386,982793386,                    ,True,64920,199936759
Stendi Senior AS,982843790,982843790,,True,87102,199938452
Lyse Neo AS,982929733,982929733,6367005KIHLMYIDERE92,True,35220,980001482
Polaris Distribusjon Midt-Norge AS,983178294,983178294,,True,53200,992614145
LYTIX BIOPHARMA AS,985889635,985889635,549300NXMIMRSBCDZO71,True,72100,
Hunter Group ASA,985955107,985955107,5967007LIEEXZXHLAW34,True,50201,
Magnora ASA,983218180,983218180,5967007LIEEXZXGY5K17,True,71129,
Coor Service Management AS,983219721,983219721,                    ,True,81100,199938745
Veidekke Østfold Follo AS,991421734,991421734,,True,43320,917103801
Eidsiva Energi AS,983424082,983424082,5967007LIEEXZXJJIO72,True,35140,
Loomis Norge AS,983445381,983445381,                    ,True,80010,199936702
Ocean Yield AS,991844562,991844562,5967007LIEEXZXGLT422,True,50201,
Bien Sparebank ASA,991853995,991853995,5967007LIEEXZXEW2W49,True,64190,
Yara International ASA,986228608,986228608,213800WKOUWXWFJ5Z514,True,20150,
Akastor ASA,986529551,986529551,5967007LIEEXZXIX5468,True,50203,
Polaris Distribusjon Nordvestlandet AS,992268069,992268069,,True,53200,992614145
Peab AS,990040729,990040729,                    ,True,,260003769
Lifecare,990251657,990251657,254900D88MYGZ7JD5P39,True,72100,
Selvaag Bolig ASA,992587776,992587776,5967007LIEEXZXIHPK59,True,68120,
Polaris Media ASA,992614145,992614145,5967007LIEEXZXILKG08,True,58120,
Klp Stortorvet 7 AS,992670347,992670347,894500H94DJTC01WGC42,True,68200,938708606
Citycon Oasen Eiendom AS,992670835,992670835,,True,68200,199934341
Citycon Storbyen Eiendom AS,992670916,992670916,,True,68200,199934341
Sparebanken Norge Boligkreditt AS,992710691,992710691,5967007LIEEXZX6AO004,True,64190,
Rogaland Sparebank Boligkreditt AS,993153036,993153036,549300TGNVWFV8V5HZ06,True,64190,915691161
Helgeland Boligkreditt AS,993359696,993359696,5967007LIEEXZX6PBS47,True,64190,937904029
Fana Sparebank Boligkreditt AS,993567078,993567078,5967007LIEEXZX7AXK03,True,64190,
KLP Banken AS,993821837,993821837,549300YVBU4V7JWHAJ32,True,64190,938708606
Bergen Bydrift AS,993876119,993876119,,True,42110,199938519
Lyse Fiber AS,993933988,993933988,                    ,True,61100,980001482
Akershusgartneren AS,993961809,993961809,,True,81300,260004353
Sparebanken Øst Boligkreditt AS,993997889,993997889,5967007LIEEXZX4ZLK67,True,64190,937888937
Verd Boligkreditt AS,994322427,994322427,5967007LIEEXZX6BFS98,True,64190,
Hofseth Biocare ASA,994464663,994464663,5967007LIEEXZXGGEO44,True,10410,
KLP Kommunekreditt AS,994526944,994526944,549300AGRU020LR1DW94,True,64190,938708606
Peab Asfalt Norge AS,994628577,994628577,5493001PZ7Y3Q5C59G95,True,23990,260003769
Grønn Gjødsel AS,995194252,995194252,,True,20150,986228608
Wilh. Wilhelmsen Holding ASA,995277905,995277905,54930050TPKOLSE1ZZ71,True,52220,
Gjensidige Forsikring ASA,995568217,995568217,5967007LIEEXZX6FAO47,True,65120,
Brage Finans AS,995610760,995610760,5967007LIEEXZX5ZV433,True,64190,
Bogstrand AS,996043428,996043428,,True,43340,260003769
Circio Holding ASA,996162095,996162095,5967007LIEEXZXFYNS31,True,72100,
Awilco LNG ASA,996564894,996564894,5967007LIEEXZXJO5C34,True,50201,
Bouvet Norge AS,996756246,996756246,                    ,True,62100,974442167
Europris ASA,997639588,997639588,5967007LIEEXZXGA8G28,True,47120,
Human Care AS,997915038,997915038,,True,88996,199936736
Omda AS,998138833,998138833,635400L5M4MW6HBEFX25,True,62100,
Exact Therapeutics,998317487,998317487,2138006ZE5JAL39AGD55,True,72100,
Borregaard ASA,998753562,998753562,5967007LIEEXZXGYXC05,True,20140,
Ef Drift AS,998822173,998822173,,True,43120,260004353
Citycon Norway AS,998943078,998943078,,True,68320,199934341
Morrow Bank AB,998997801,559490-6546,9845009C8D6CC754F846,True,64190,
Håkonsen Og Sukke Landskapsentreprenør AS,999001335,999001335,,True,81300,260004353
ZAPTEC AS,999164137,999164137,549300Y5EDWTJNTS8P96,True,46500,
SENTIA AS,999256864,999256864,636700TZLHWHJV5B7Z64,True,41000,
Entra ASA,999296432,999296432,549300APU14LQKTYCH34,True,68200,
Solberg Maskin AS,999327869,999327869,,True,43120,260003769
GIGANTE SALMON AS,983478638,983478638,984500IBAME770G02E98,True,03211,
Appear ASA,986942033,986942033,636700OJYMZPJZ0ZO361,True,26300,
